{"cameraMode":{"drawMode":0,"name":"Shaded","section":"Shading Mode"},"sceneLighting":false,"audioPlay":false,"sceneViewState":{"m_AlwaysRefresh":false,"showFog":true,"showSkybox":false,"showFlares":true,"showImageEffects":true,"showParticleSystems":true,"showVisualEffectGraphs":true,"m_FxEnabled":true},"in2DMode":false,"pivot":{"x":-1.0797427892684937,"y":2.0199100971221926,"z":-0.8175053596496582},"rotation":{"x":0.3218339681625366,"y":0.0665740966796875,"z":-0.022802187129855157,"w":0.9442300796508789},"size":4.457211494445801,"orthographic":false}